id,username
1,Adrian
2,Monika
3,Azazel
4,Robert
5,Aleksandra
6,Michał
7,Katarzyna
8,Mateusz
9,Zofia
10,Jan
11,Julia
12,Tomasz
13,Anna
14,Piotr
15,Natalia
16,Paweł
17,Maria
18,Krzysztof
19,Emilia
20,Marcin
21,Maja
22,Łukasz
23,Amelia
24,Grzegorz
25,Alicja
26,Adam
27,Martyna
28,Rafał
29,Ewelina
30,Maciej
31,Zygfryd
32,Jakub
33,Agnieszka
34,Hubert
35,Gabriela
36,Dawid
37,Lena
38,Szymon
39,Barbara
40,Oliwier
41,Nikola
42,Wojciech
43,Karolina
44,Wiktor
45,Kinga
46,Artur
47,Oliwia
48,Patryk
49,Joanna
50,Damian
51,Patrycja
52,Filip
53,Sandra
54,Sebastian
55,Izabela
56,Daniel
57,Beata
58,Konrad
59,Klaudia
60,Bartłomiej
61,Renata
62,Igor
63,Edyta
64,Kamil
65,Magdalena
66,Bartosz
67,Małgorzata
68,Witold
69,Justyna
70,Marian
71,Iwona
72,Jerzy
73,Dorota
74,Leszek
75,Zuzanna
76,Cezary
77,Aleksander
78,Oskar
79,Halina
80,Leon
81,Elżbieta
82,Kazimierz
83,Weronika
84,Andrzej
85,Grażyna
86,Jacek
87,Michalina
88,Przemysław
89,Hanna
90,Bogdan
91,Sylwia
92,Borys
93,Ludwika
94,Norbert
95,Roksana
96,Fryderyk
97,Jolanta
